model_type,polynomial,regularization,use_momentum,method,initialization,learning_rate,cv_mse,cv_r2,cv_r2_std
normal,False,normal,False,stochastic,xavier,0.01,0.07232114248159309,0.8763742620709472,0.010438641904058712
ridge,False,ridge,False,stochastic,xavier,0.01,0.07267729532370418,0.875741402174094,0.01077902459458992
normal,False,normal,False,stochastic,xavier,0.001,0.0726532024395932,0.8757114647386434,0.010629673954609163
normal,False,normal,True,stochastic,xavier,0.001,0.07272544630609677,0.8756427266466378,0.010918094918771663
normal,False,normal,True,stochastic,xavier,0.0001,0.0726978375973385,0.8756320481879826,0.01074833590957182
ridge,False,ridge,False,stochastic,xavier,0.001,0.07271337862639413,0.8756048180431624,0.010645545912558983
ridge,False,ridge,True,stochastic,xavier,0.0001,0.0727571931470824,0.8755267314998927,0.010762511152549628
lasso,False,lasso,False,stochastic,xavier,0.001,0.07288706297270697,0.8753111086079871,0.01073956448233118
lasso,False,lasso,True,stochastic,xavier,0.0001,0.07293048165208653,0.8752337115369958,0.010857322762649233
ridge,False,ridge,True,stochastic,xavier,0.001,0.07295938429466521,0.8752169475746328,0.011268932292180218
normal,False,normal,True,stochastic,zeros,0.0001,0.0729912144728475,0.8750801340689296,0.011273212811000903
normal,False,normal,False,stochastic,zeros,0.001,0.07301668233577804,0.8750371782497279,0.011456475164586671
ridge,False,ridge,True,stochastic,zeros,0.0001,0.073082231885006,0.8749230244535194,0.011252226972358009
ridge,False,ridge,False,stochastic,zeros,0.001,0.07311019000793154,0.8748757749217748,0.011435212570035755
lasso,False,lasso,False,stochastic,xavier,0.01,0.07344770258777303,0.8743978459716629,0.011130317620541029
lasso,False,lasso,True,stochastic,zeros,0.0001,0.07349660603347556,0.8742161124534246,0.011183250362399009
lasso,False,lasso,False,stochastic,zeros,0.001,0.07353240999802621,0.8741550928111691,0.011379339460798674
lasso,False,lasso,True,stochastic,xavier,0.001,0.0736212238347678,0.8740614010252366,0.011625280850614522
normal,False,normal,True,mini-batch,xavier,0.01,0.0746316391510256,0.8723171567316769,0.009120792049760358
ridge,False,ridge,True,mini-batch,xavier,0.01,0.07470748726168647,0.8721831800571571,0.009110509521930214
lasso,False,lasso,True,mini-batch,xavier,0.01,0.07481105195238835,0.8720091084127434,0.009176550399908109
normal,False,normal,True,mini-batch,zeros,0.01,0.07491705946538038,0.8718021142560526,0.011105284945952932
ridge,False,ridge,True,mini-batch,zeros,0.01,0.07500991404187793,0.8716418316246572,0.011054167754924443
normal,False,normal,True,stochastic,zeros,0.001,0.07531850031791452,0.8710542888590085,0.01642869623480131
lasso,False,lasso,True,mini-batch,zeros,0.01,0.07538463145260914,0.8710009451573251,0.010935013378633274
ridge,False,ridge,True,stochastic,zeros,0.001,0.07575974243106726,0.87026458637104,0.01709176740334676
normal,False,normal,False,stochastic,zeros,0.01,0.07651559023717577,0.86899713125093,0.017868723021046133
lasso,False,lasso,True,stochastic,zeros,0.001,0.07657934922728198,0.8688296212144164,0.01781093724672952
ridge,False,ridge,False,stochastic,zeros,0.01,0.07713486962216079,0.8679004937760926,0.01870683092433511
lasso,False,lasso,False,stochastic,zeros,0.01,0.07804049733865123,0.8663160871769255,0.019638493761527848
normal,False,normal,False,stochastic,zeros,0.0001,0.08410342548102982,0.8560004614838498,0.012092577902056326
ridge,False,ridge,False,stochastic,zeros,0.0001,0.08417551458405673,0.8558766867038712,0.01210974576921203
lasso,False,lasso,False,stochastic,zeros,0.0001,0.08447241474371206,0.8553697079552908,0.012057171103322958
lasso,False,lasso,False,stochastic,xavier,0.0001,0.08678136402900724,0.8515475211046301,0.011883596657607316
normal,False,normal,False,stochastic,xavier,0.0001,0.08681812880447393,0.8514883177083018,0.011952868196190923
ridge,False,ridge,False,stochastic,xavier,0.0001,0.08684245617557936,0.8514452524953174,0.011970383283138306
normal,False,normal,False,mini-batch,zeros,0.01,0.08732907302550261,0.8504738999522639,0.012738942234452584
ridge,False,ridge,False,mini-batch,zeros,0.01,0.08739583766515592,0.8503594213899115,0.012749815455172005
normal,False,normal,True,mini-batch,zeros,0.001,0.08739974703961191,0.8503505527833978,0.012745236721200133
ridge,False,ridge,True,mini-batch,zeros,0.001,0.08746081916216861,0.8502457718322842,0.01275865081035279
lasso,False,lasso,False,mini-batch,zeros,0.01,0.08765625424357146,0.8499149221744137,0.012661793523961807
lasso,False,lasso,True,mini-batch,zeros,0.001,0.08770931707091666,0.8498217024496386,0.012666769820859843
lasso,False,lasso,False,mini-batch,xavier,0.01,0.09053279140177468,0.8451127453936713,0.01273108521234491
normal,False,normal,False,mini-batch,xavier,0.01,0.09059857242377514,0.8450030217170283,0.012870018962103089
ridge,False,ridge,False,mini-batch,xavier,0.01,0.0906166034986355,0.8449712817112205,0.012873063186305687
lasso,False,lasso,True,mini-batch,xavier,0.001,0.09074476433224458,0.8447446857765785,0.012976027660720762
normal,False,normal,True,mini-batch,xavier,0.001,0.09082942097833173,0.8446025626445415,0.013128444893097477
ridge,False,ridge,True,mini-batch,xavier,0.001,0.09084027691457112,0.8445831427011068,0.013130605192009606
polynomial,True,normal,True,stochastic,zeros,0.0001,0.09215511229896527,0.8416240080052313,0.0912599313925621
polynomial,True,normal,False,stochastic,zeros,0.001,0.09365579906643093,0.8390291650237127,0.09609195427431326
polynomial,True,normal,True,stochastic,xavier,0.0001,0.09537142325086516,0.8360400469484548,0.10015818489803217
polynomial,True,normal,False,stochastic,xavier,0.001,0.09583974994544386,0.8352318098748711,0.10129332151442033
polynomial,True,normal,True,mini-batch,zeros,0.01,0.12594145329382514,0.7867871100337451,0.04458591157984659
polynomial,True,normal,False,stochastic,zeros,0.0001,0.12850213493294568,0.7787672111008974,0.1722295630403262
polynomial,True,normal,False,mini-batch,zeros,0.01,0.1319189851841039,0.7728852473026844,0.17777315154420537
polynomial,True,normal,True,mini-batch,xavier,0.01,0.13500254702079387,0.7694045812118159,0.03703463756709665
polynomial,True,normal,True,mini-batch,zeros,0.001,0.13404324125533945,0.7691984176807666,0.18495053953866578
normal,False,normal,True,batch,zeros,0.01,0.1407621074116645,0.7590051621828342,0.017361335044552936
ridge,False,ridge,True,batch,zeros,0.01,0.14079295045011833,0.758952774950728,0.017352862424488556
lasso,False,lasso,True,batch,zeros,0.01,0.14101534532271026,0.7585747738231886,0.017256256846517284
normal,False,normal,True,stochastic,xavier,0.01,0.15287952047321493,0.7384249590449741,0.02455966404224402
lasso,False,lasso,True,batch,xavier,0.01,0.15567256704387805,0.7329634517788035,0.032832288988942485
ridge,False,ridge,True,batch,xavier,0.01,0.15569454394524596,0.7329191193912978,0.03304230467259165
normal,False,normal,True,batch,xavier,0.01,0.1556968531027751,0.7329130718949453,0.03309748752988629
polynomial,True,normal,False,stochastic,zeros,0.01,0.16022346776371416,0.7241488624738125,0.19965892425403023
ridge,False,ridge,True,stochastic,xavier,0.01,0.16308559692408547,0.7203405252734368,0.03714109545941566
lasso,False,lasso,True,stochastic,xavier,0.01,0.16823476729943607,0.7113923951739781,0.04896166518369607
polynomial,True,normal,True,stochastic,zeros,0.001,0.1849264952027362,0.6806929748848967,0.32436034881870346
polynomial,True,normal,True,batch,zeros,0.01,0.18960403682476504,0.6757773574451985,0.03568881197426417
polynomial,True,normal,False,mini-batch,zeros,0.001,0.2018961973555872,0.654696206112904,0.01956643392473124
polynomial,True,normal,True,mini-batch,zeros,0.0001,0.20251103211794685,0.6536429271555965,0.019827162912743595
normal,False,normal,False,mini-batch,zeros,0.001,0.21714230703237175,0.628898365755914,0.009403020685236792
ridge,False,ridge,False,mini-batch,zeros,0.001,0.2172259103533738,0.6287557703721455,0.00939949904526251
lasso,False,lasso,False,mini-batch,zeros,0.001,0.21769499846837603,0.6279548485073316,0.009380381982982706
normal,False,normal,True,mini-batch,zeros,0.0001,0.21813116033693697,0.6272144059200313,0.009127961134471072
ridge,False,ridge,True,mini-batch,zeros,0.0001,0.21821153330430035,0.6270773255038424,0.009124362405004971
lasso,False,lasso,True,mini-batch,zeros,0.0001,0.21868272464611568,0.6262728647532201,0.009104315874955683
normal,False,normal,False,mini-batch,xavier,0.001,0.24909468252764358,0.5723152934853337,0.0520133655537356
ridge,False,ridge,False,mini-batch,xavier,0.001,0.2491391234725026,0.5722405618733288,0.0519837641805732
lasso,False,lasso,False,mini-batch,xavier,0.001,0.24922879521703126,0.5720901040209754,0.05190209601895048
normal,False,normal,True,mini-batch,xavier,0.0001,0.2503247933300482,0.5701964908896281,0.05246179197635013
ridge,False,ridge,True,mini-batch,xavier,0.0001,0.2503656356130222,0.5701279519499949,0.052431179723586546
lasso,False,lasso,True,mini-batch,xavier,0.0001,0.2504479178823299,0.5699903752134976,0.05234306011640262
polynomial,True,normal,False,stochastic,xavier,0.01,0.3018537773146582,0.4779731939431306,0.7038646325109875
polynomial,True,normal,False,mini-batch,xavier,0.01,0.3161415376058949,0.4528780007211493,0.8088048274643719
polynomial,True,normal,True,mini-batch,xavier,0.001,0.3269122005193083,0.434161591727657,0.8463759677691829
polynomial,True,normal,True,stochastic,xavier,0.001,0.34652475228350166,0.4009893352056119,0.8135695812581626
polynomial,True,normal,False,batch,zeros,0.01,0.36557500851009594,0.37527193339933207,0.010634892841887294
polynomial,True,normal,False,stochastic,xavier,0.0001,0.40450291341843625,0.29933769773525337,1.1218462364859638
normal,False,normal,False,batch,zeros,0.01,0.4151224613098886,0.29106245685994436,0.003724450729080794
ridge,False,ridge,False,batch,zeros,0.01,0.41513862313446814,0.29103486983278615,0.0037241214981230037
lasso,False,lasso,False,batch,zeros,0.01,0.41546445743872773,0.29047819394124985,0.0037198407748396337
polynomial,True,normal,True,batch,zeros,0.001,0.45404542606706233,0.22436734592585186,0.00643657918433539
lasso,False,lasso,True,stochastic,zeros,0.01,0.46514618471493263,0.19459716089085083,0.4086054405736078
ridge,False,ridge,True,stochastic,zeros,0.01,0.4651729259924481,0.1943801541304225,0.41907091112760037
normal,False,normal,True,stochastic,zeros,0.01,0.4719682631078044,0.18179406934781986,0.5115927702714709
polynomial,True,normal,False,mini-batch,zeros,0.0001,0.48598598277487526,0.1698969577386769,0.0049538069614904244
lasso,False,lasso,False,batch,xavier,0.01,0.48820431611242077,0.16041791498380012,0.133140652211047
ridge,False,ridge,False,batch,xavier,0.01,0.48827357638574664,0.16029379879992894,0.13328200077359695
normal,False,normal,False,batch,xavier,0.01,0.48828628703148114,0.16027100419398296,0.1333080964353927
normal,False,normal,True,batch,zeros,0.001,0.49518860054497393,0.1543850319485096,0.0020322865300577745
ridge,False,ridge,True,batch,zeros,0.001,0.49519070444487606,0.15438144015036218,0.0020322419440464024
lasso,False,lasso,True,batch,zeros,0.001,0.49537281557835355,0.15407028384744967,0.002028370384958973
normal,False,normal,False,mini-batch,zeros,0.0001,0.5172677451662583,0.11668957357148724,0.0017550208091849382
ridge,False,ridge,False,mini-batch,zeros,0.0001,0.5172704613422431,0.11668493635570143,0.001754961093672017
lasso,False,lasso,False,mini-batch,zeros,0.0001,0.5174291598473533,0.11641377655409013,0.0017513374710716545
polynomial,True,normal,False,batch,zeros,0.001,0.5537507255481107,0.054336604399607455,0.001595899893572559
normal,False,normal,False,batch,zeros,0.001,0.5651372913559698,0.034961122438167715,0.0005240981994246998
ridge,False,ridge,False,batch,zeros,0.001,0.5651375169157908,0.034960737316790814,0.0005240936887392574
lasso,False,lasso,False,batch,zeros,0.001,0.5651838410013547,0.03488157973775585,0.0005230125929142388
polynomial,True,normal,True,mini-batch,xavier,0.0001,0.559351778177677,0.033625585773159994,1.1195379738728606
polynomial,True,normal,False,mini-batch,xavier,0.001,0.559494045950571,0.03337117314066642,1.1229041092974668
polynomial,True,normal,True,batch,zeros,0.0001,0.5706023724272555,0.025598260975111132,0.0008154797649732897
normal,False,normal,True,batch,zeros,0.0001,0.5761892160706115,0.016090912458774233,0.0003297052698739327
ridge,False,ridge,True,batch,zeros,0.0001,0.576189239819802,0.016090871908664074,0.00032970494788686074
lasso,False,lasso,True,batch,zeros,0.0001,0.5762100675152304,0.016055281666919875,0.0003293821098010171
polynomial,True,normal,True,batch,xavier,0.01,0.5704931149365111,0.012367845526933952,1.2076132185480506
polynomial,True,normal,False,batch,zeros,0.0001,0.5825787873431352,0.005174116399475093,0.00033271282023594035
normal,False,normal,False,batch,zeros,0.0001,0.5838169002749349,0.003067100416166357,0.0002700878641938565
ridge,False,ridge,False,batch,zeros,0.0001,0.5838169026074378,0.003067096433536376,0.0002700878625037436
lasso,False,lasso,False,batch,zeros,0.0001,0.583821702050528,0.003058895102249526,0.00027008981109725516
lasso,False,lasso,True,batch,xavier,0.001,0.584233780319154,-0.005123056919264735,0.1679861010796614
ridge,False,ridge,True,batch,xavier,0.001,0.5842871859762084,-0.005216266088434796,0.16805088203036986
normal,False,normal,True,batch,xavier,0.001,0.5843024988693674,-0.005243134569929286,0.16806788685668697
lasso,False,lasso,False,mini-batch,xavier,0.0001,0.6106172831834666,-0.05061333499078371,0.17759742969999026
ridge,False,ridge,False,mini-batch,xavier,0.0001,0.6106551678664843,-0.05068016123159582,0.1776557613764729
normal,False,normal,False,mini-batch,xavier,0.0001,0.6106656123938599,-0.0506985236404917,0.17766820762679122
lasso,False,lasso,False,batch,xavier,0.001,0.6678205237205391,-0.14926501163313963,0.199324126674242
ridge,False,ridge,False,batch,xavier,0.001,0.6678337609879598,-0.14928797712280922,0.19933735487783352
normal,False,normal,False,batch,xavier,0.001,0.6678377364946579,-0.14929493948206776,0.19934143187389602
lasso,False,lasso,True,batch,xavier,0.0001,0.6810148121155901,-0.17202026173307766,0.20432305529601383
ridge,False,ridge,True,batch,xavier,0.0001,0.681020955264608,-0.17203091968924736,0.2043292057813975
normal,False,normal,True,batch,xavier,0.0001,0.6810229258157947,-0.1720343678800981,0.20433115651601708
lasso,False,lasso,False,batch,xavier,0.0001,0.6901171707326317,-0.18771905304269798,0.20778428549189423
ridge,False,ridge,False,batch,xavier,0.0001,0.6901185104839339,-0.18772137736402622,0.2077856231493954
normal,False,normal,False,batch,xavier,0.0001,0.6901189445686489,-0.18772213683518862,0.20778604985058882
polynomial,True,normal,False,batch,xavier,0.01,0.7112273044664832,-0.2267744998976556,0.9405518122136076
polynomial,True,normal,True,batch,xavier,0.001,0.8069626921186763,-0.3919061087338497,0.8964699069017962
polynomial,True,normal,False,mini-batch,xavier,0.0001,0.840926678296942,-0.4506955613474285,0.8784676886137244
polynomial,True,normal,False,batch,xavier,0.001,0.9152009016525428,-0.5792533848568888,0.8507594208646106
polynomial,True,normal,True,batch,xavier,0.0001,0.9339083575596691,-0.6116678210851129,0.8449104601871897
polynomial,True,normal,False,batch,xavier,0.0001,0.9472267138529729,-0.6347533300898002,0.8409438668060985
polynomial,True,normal,True,stochastic,xavier,0.01,5.123215416454269,-7.838028575214882,6.037324979831821
polynomial,True,normal,True,stochastic,zeros,0.01,51.22808274828367,-87.93605514038576,166.85900712999728
