run_id,lr,l2,num_epochs,folds,random_state,optimizer,objective,price_edges,dataset_sha256,cv_accuracy,cv_macro_precision,cv_macro_recall,cv_macro_f1_score,cv_weighted_precision,cv_weighted_recall,cv_weighted_f1_score,cv_macro_f1_std
5f8da6335ab04d0db1f6815ae6b0155d,0.3,0.0001,600,5,42,batch,mean_cross_entropy_plus_l2,"0,300000,600000,1000000,inf",1b2a30b2f36fd246366773fe5375399692f1a113890ad2a6d464b8c8deaadadb,0.780321665089877,0.7939719215396532,0.7524888172696004,0.7695857250448033,0.7848478820867243,0.780321665089877,0.7805897781408868,0.013917238737626278
0dc3cc86480843f7be43b9b1c39dff6f,0.3,0.0,600,5,42,batch,mean_cross_entropy_plus_l2,"0,300000,600000,1000000,inf",1b2a30b2f36fd246366773fe5375399692f1a113890ad2a6d464b8c8deaadadb,0.7801324503311259,0.7935469957963017,0.7526802472453047,0.7695463262252433,0.7845526674561272,0.7801324503311259,0.7804409886233709,0.013917613913406337
67b8412d2f8744939fa293880c46dd0a,0.3,0.001,600,5,42,batch,mean_cross_entropy_plus_l2,"0,300000,600000,1000000,inf",1b2a30b2f36fd246366773fe5375399692f1a113890ad2a6d464b8c8deaadadb,0.7784295175023652,0.7938634522238208,0.7463682995105549,0.7655273784700538,0.7837930831911579,0.7784295175023652,0.7785592651272767,0.015066464475522665
5950a2703e5342458d21f6495cffd18e,0.1,0.0001,600,5,42,batch,mean_cross_entropy_plus_l2,"0,300000,600000,1000000,inf",1b2a30b2f36fd246366773fe5375399692f1a113890ad2a6d464b8c8deaadadb,0.7625354777672657,0.7679227161831592,0.7191587554155566,0.7382151219413595,0.7673202494822341,0.7625354777672658,0.7615546922241166,0.015023967857042391
b8877804a17d412bb80c78cb55f3b5a1,0.1,0.0,600,5,42,batch,mean_cross_entropy_plus_l2,"0,300000,600000,1000000,inf",1b2a30b2f36fd246366773fe5375399692f1a113890ad2a6d464b8c8deaadadb,0.7623462630085146,0.7677186020643222,0.7190346859366483,0.7380667531834557,0.767126301778856,0.7623462630085147,0.7613807150383887,0.015044628346076793
bf1299724bf04b5d847aec76c2352e24,0.1,0.001,600,5,42,batch,mean_cross_entropy_plus_l2,"0,300000,600000,1000000,inf",1b2a30b2f36fd246366773fe5375399692f1a113890ad2a6d464b8c8deaadadb,0.761778618732261,0.7697304721664345,0.716987343567235,0.7373894577169859,0.7669442841396569,0.761778618732261,0.7607586284342418,0.012333525995300782
7b70a8a16b3649b68b8730983bb66eef,0.3,0.01,600,5,42,batch,mean_cross_entropy_plus_l2,"0,300000,600000,1000000,inf",1b2a30b2f36fd246366773fe5375399692f1a113890ad2a6d464b8c8deaadadb,0.7526963103122044,0.7704636881632715,0.6979971712068348,0.7237157485780957,0.7613444884789103,0.7526963103122043,0.7499081099602387,0.014013091232616846
29bd06269ff5425dacbb9398bef5cf28,0.1,0.01,600,5,42,batch,mean_cross_entropy_plus_l2,"0,300000,600000,1000000,inf",1b2a30b2f36fd246366773fe5375399692f1a113890ad2a6d464b8c8deaadadb,0.7443708609271523,0.7580444238059448,0.6846908785519479,0.7104356960208431,0.7521486270095916,0.7443708609271523,0.7409417989213536,0.013902231215268313
9bb1b3099e4649df8acc08827f20acb4,0.03,0.001,600,5,42,batch,mean_cross_entropy_plus_l2,"0,300000,600000,1000000,inf",1b2a30b2f36fd246366773fe5375399692f1a113890ad2a6d464b8c8deaadadb,0.7246925260170293,0.7268551501509749,0.6568122479023962,0.6805863464320879,0.7305221254780216,0.7246925260170293,0.7196147187509581,0.010800147401493322
3477dc6088d64fcea30347095e7039d6,0.03,0.0001,600,5,42,batch,mean_cross_entropy_plus_l2,"0,300000,600000,1000000,inf",1b2a30b2f36fd246366773fe5375399692f1a113890ad2a6d464b8c8deaadadb,0.7231788079470198,0.7235538169769947,0.6558191588969965,0.6790701205047245,0.7285441892718496,0.7231788079470198,0.7182690331306575,0.01103041351174225
191c77d0daa14e48bbd4e8338dbcee78,0.03,0.0,600,5,42,batch,mean_cross_entropy_plus_l2,"0,300000,600000,1000000,inf",1b2a30b2f36fd246366773fe5375399692f1a113890ad2a6d464b8c8deaadadb,0.7229895931882686,0.7233365487776551,0.6556950894180883,0.6789287857517106,0.7283379898696382,0.7229895931882686,0.7181016561992348,0.010883122334020974
8b3a0976c4544a2db24b8a62e7fa8518,0.03,0.01,600,5,42,batch,mean_cross_entropy_plus_l2,"0,300000,600000,1000000,inf",1b2a30b2f36fd246366773fe5375399692f1a113890ad2a6d464b8c8deaadadb,0.7199621570482497,0.7263671936774092,0.6477848569843763,0.6728794199158786,0.7268920658404221,0.7199621570482497,0.7131065492565345,0.007712762771396741
